data_id,review_count
0x48877801ebab00df:0xe89cfd6b4942e3e5,56
0x48878552044b7c6b:0x162f77dc671d49c3,171
0x487d7dcdd1ab300d:0xb2a4cd1f11428a83,76
0x488778c0703cf407:0x472cac8c70894be3,124
0x488778bebea52901:0x5a1c7155a887eb4d,1014
0x488778c08796d2f5:0x7876ac281a20d06d,491
0x488782f7834f8c63:0x28a18923ef49c38c,1022
0x488783ddffe9f411:0xbe582c27dbdb6457,102
0x488782f82d978d1f:0xcf4311ea74b7763d,452
0x487b8b572e92f737:0xb4fa51065981d9d5,318
0x488782f9de8920a3:0x3e74382e95387700,509
0x488782f9bd5b5d0b:0x556b710952499af5,629
0x488782f997e02249:0x47331f068885817c,312
0x488782e4cd900845:0x8c36e9e670c74d5d,143
0x488782e343882b57:0x8849bbc0ce3cc65a,134
0x48877f745e748631:0x5709ee963fc1d75c,114
0x48877c3498090fe3:0x8a40e721799131bb,296
0x487d7f7441b5b1fd:0xb2db4d8b26ef9cee,21
0x4887789efe56abeb:0x8e92af8600dfe7b3,144
0x488784bc5a6a6abd:0x6a6e02657d2220ca,116
0x4887849560fe808f:0x70825d1a2f2144cf,93
0x487d7dd04b87fc7f:0x875493e06a6a8b8,182
0x487d7dce1e15c223:0x910a1238d261a274,85
0x487d7dcde21ec0bd:0xf64980089376498c,126
0x4887789f30685985:0xd9b1ed1c4e86c3de,1321
0x488778c04a4ba7ef:0x63b83912ad8a2de4,685
0x488782f9db33db21:0xe8af6beaca98db72,304
0x4887839ea8edfa27:0x31aec03c8bd7671d,186
0x4887834861c47901:0x63b47b3db2703471,45
0x488783a60961282f:0x7ba0fb4e46b83149,24
0x488779f2e3a6b111:0xd9b3502d01164e9b,50
0x48877801f26b0c01:0x6846e6d2f6e40a4b,50
0x48887aa510c41c39:0xc897dfd1c5914d10,66
0x48877f3f6ee52c7f:0x3560217a15cb0284,168
0x4887842a9003086d:0x9f2fc0be74107f1,108
0x48877a21de6a06fd:0xb04253d98c32a38d,482
0x48878609335e11fb:0x9589ed5bf77640cf,294
0x48877e08f8311789:0xba75092db42c8df0,568
0x487d7fe3c1846fcf:0x6948710cea56fa01,87
0x48877f0fafa33a3d:0xe38ba9b46bd657e5,335
0x4887698fc4e8a5fb:0x3dba39e7aa88a6b7,98
0x488713a88afb06ab:0x44b5f16dc440c97f,53
0x488715b0e101b575:0x3c439ee104c0e29a,1494
0x487d723120c1c035:0x572bca347cb13e68,427
0x48877925eed3cae3:0x8701383274f09e8,29
0x48878542cf32bad9:0xd822ba8c336e4c4c,45
0x488784c7ccb6c579:0x88e975fcb2d5a6b,1764
0x487d7dd5a1295929:0x8b937440e8f28374,36
0x4887789e450d8e67:0x62ad745c2f5d0568,19
0x488779b5904e4bcf:0x891812f8520fadce,12
0x43de8101fff10221:0xc8e64b269db8ec7e,181
0x48877801f2e24667:0xc9fdbac7c70f8cca,411
0x4887836631a1ff21:0x183c6a019dc9a8e9,85
0x488782f778624a3b:0xc3a1fa8864e1030f,97
0x488783617c1b475b:0xe287804b55595ba9,51
0x487123e02ce82fe7:0x95c0ef91379b7cc8,103
0x48713cc011e22123:0x728e52ea3c2a2fff,14
0x487128b679076987:0x43adb3925e19775,274
0x487128b675d35c7b:0xd1959d2ad14f2cb1,325
0x48711df072a3f335:0x9a7bad13db07236f,249
0x48713139ce4725b9:0xbde3aeb7d2bc6efa,307
0x4870e330f0ad6759:0xee7190099d275d64,94
0x48710d93f1674d67:0xfa6a95e51e717e1f,19
0x48712146676b369f:0x181f4857188b4a,555
0x487128b671ce4c97:0x43371fae3bac0688,258
0x48711f80097812f1:0x3a86b6e9a74d6db4,65
0x48711f723ee6b87f:0xab9b7c75a7fac40c,152
0x48703bcf35072a0b:0x4180873ec5603a18,1308
0x48711be911036a65:0x8d3cd3b7b39712b0,56
0x487128b4739faf2f:0xc28da5d9e0fa1505,14
0x48711b07b195915d:0xce17ccd5be09127f,789
0x48713ab5ec960a33:0xf2ff14833eda4d92,10
0x48712f4ca8f4f89f:0x82110bc478f3e7a3,49
0x48711b7c48bdd86f:0x7de44cb0d3e4b36d,94
0x48711b72635a29b5:0x9920c3bc4e3c1649,25
0x48711b96bf2022b9:0x9d516e9f1b2f3dfa,74
0x487124f4b787ad27:0xdfcd4922cf7e499f,489
0x488f785677c7450d:0x58d3df1d31bf8ec4,21
0x48857741d4efc919:0x2bee4f0019909316,874
0x488e4942e6151255:0x27bdd17d0420a914,258
0x488e57aa43d120bd:0xb11a02338e875852,776
0x488fa73e5e8ce16d:0x3115576cbcd6a4d9,91
0x488fa1c37fa9d0a7:0xf01319ee4f86e54e,925
0x488f9b4723071e57:0xeee3b419b6555d8b,666
0x488e6eebc0d2da6f:0x73de0ffe8a2a4fd3,351
0x488f0bb4806677b1:0x1c18df25941c406d,315
0x488e702e88f8432f:0xb5f46787a126cb,402
0x488f77fce38d5f75:0x14fb26acf6dead82,68
0x488e613b7719cbc9:0xb3a2e77dfb6d170c,331
0x488f1ceec9f7feb3:0xead70ea332fec19,164
0x488f117bb76078fb:0x36cecf1f6d95119e,845
0x48854599b955ffad:0x5e7bfed9be48a7cd,149
0x488e911862b29417:0xc34e8517c94b6a7a,91
0x488e9ba5c862fb2d:0x4d1c9663505e4224,391
0x488c2774d58fb413:0x2cbf49a21ae1120d,986
0x488f5f88cacc8655:0xb0e9e9e5a3987dd9,1008
0x488c1eaf493dc577:0x2225173483a6e17f,112
0x488c4d3f16c96c21:0x8f2c8969f1397158,101
0x488f9bded0fd56e3:0x163e8b5159a4d5c3,49
0x488eccadec60951b:0x2d64ea40e143ce91,3074
0x487a5fd9383c2095:0x83d7110ecc404cef,187
0x487a5ffe9d4e858f:0xcb6b2c44bce59dbd,50
0x487af5f59d00d871:0xb0f3c6ad46dedf50,172
0x487a5f5f7c2835df:0xc34a592e6bdc680b,411
0x487a5973bfcf4e0f:0x698cda873921a9f3,39
0x487ae266a3ceb1af:0xaf1d44b6dcfd70f8,146
0x487af5fbf41f9ed3:0xf5438bdced29d04b,70
0x487af9d0be6bb9c7:0xb0ed8f7fdb06a2ff,1819
0x487af5006854b41f:0x6781f9814506e76,334
0x487a5db99bf4ffd9:0x454ace2337e3907c,170
0x487a67e69f597671:0x35b7fefc60c59e06,245
0x487af1afdd3516b5:0xfcc8d43d92a63e18,884
0x487af6f99883ef19:0xa56bb9fdebbc7fb2,1012
0x487af425ccab9859:0xfd62c0c3308e145e,17
0x487a562fb24f492b:0x962487b809f182a3,1182
0x487af1317cdb888b:0xd93acf9154135626,92
0x487af75cec7d5b0b:0x152468973aee5fad,406
0x487af0acb4434799:0x55b4702c5a869abb,12
0x487af7a781351973:0x2d29b9369e42ce5,46
0x487af75818461651:0x84ec9c6155c34724,152
0x487af139a51a106f:0xb55b7ea7fdde05a3,219
0x487af6923bc39f73:0x96fbd83cc04fa703,209
0x487af706ef2980b1:0xfba2e78b72927a3b,122
0x487af9d106b2bd7d:0x76e765dd4f71a6a,73
0x487afa1468b7079f:0xecf72818e07895b0,285
0x487afac8a4be9cf3:0xeb20f9ecb20f1c81,344
0x487af461406ae213:0x781f8444d7f275f3,19
0x487af96a5ebdc747:0xa41a14a659246e10,21
0x487af16033f0fa2d:0xadc4f6af844cc791,1556
0x487aee1d6842b9a9:0x4b662cfe81515c3a,405
0x487af03e36db8623:0xda8136805a0d4fdb,71
0x487af5da63ee4f1d:0x3edd2ceeccded2ff,1564
0x487af42cc1f1d565:0x9e5e02ab9334c6e8,1710
0x487af08726633711:0x76496b0265c05549,412
0x487af5e009346dc1:0x37eed41c13f3f621,153
0x487af9fd64f76321:0x779eab38f1b861fc,74
0x487aee3a8b410713:0xf0e23b93c1fcba6,517
0x487af47b51e4d3b5:0x26b2915a15399a76,353
0x487af54688d130e1:0x1d01e5a71fc0d15b,485
0x487af466c1718407:0xd48a5ab57e27a18b,330
0x487af466ba62923f:0x81bc730834985287,1162
0x487af4615f45cbcf:0x6e8ba04a73657c0e,67
0x487af4615f45cbcf:0xd0ab078e7e01b6ec,380
0x487af4615ef06d57:0xe66adb3a40d995f5,666
0x487a5f50b87c8b4f:0xd0f788fe9d4c4212,68
0x487a5f7143b84dd5:0xa2b605b83b96e746,23
0x487afa4d2363d33b:0x4581814850c33682,299
0x487604d24c1e7bd3:0x314bae83752ad760,2794
0x89c7e2a3ceb3f2c1:0xa8593d50f0606b07,638
0x89e7b737fc43294b:0xdd756fd318255af,677
0x89c6fd1b8357642b:0xc24b263d9c117f50,1048
0x89c6fd753681fa63:0x580c4c91382da92b,164
0x89c6c726de9697d1:0xfd81d1db6a313e68,851
0x89c6c789d4b28917:0x1147785354bef04c,525
0x89c8049d580d8655:0x34c2170ac290c4f5,12461
0x89c80e17b38691db:0x51b6bfcb4d9e76b5,2671
0x89b1110050fc6a77:0x93c12bde2c9d3de8,11
0x89b16bcf8358a375:0x3ee1c1de61a4f7a3,86
0x89e4459032c41899:0x46b635c43750ca4b,187
0x89e445a83d604ea1:0x8d07f3419c80c813,194
0x89e445022773a1ff:0x51b488201517ce58,102
0x89e445887b1f37fd:0x74795fba83b02404,350
0x89b9df5eebabef6f:0xa1b15c902315a7da,1248
0x89e84923d28f07b7:0xb06a15c93e0983de,1855
0x89e83ecfdcc9c1fd:0x81b9ae1bf4705dc3,629
0x89e83ecfdcca0743:0xc949f5ca4fae965b,323
0x89e80817ca564169:0x6d9090562d014aed,216
0x89caab5e47f1aafd:0xeb7a303bb4889faa,317
0x89caaa57a362dc87:0x94a77fcfc0ed0a89,588
0x884ab278aaf55547:0xc41ad28a06b76087,334
0x88354d6b52bf887f:0x86985d3cd494c85d,74
0x89c80381afc1a84f:0x30a53dfe8650fdc4,407
0x89b7a16aaf925e15:0x7dd10409dc0c3d1a,1784
0x89c804f63367f715:0x5dc6baa9084a748b,2117
0x89c804f6ffbd96c9:0x13672da8c0b89822,1993
0x89c81d1c03746c37:0xf304365eb9933c9f,3806
0x89c28cda1bfbb495:0x981449d1d5a48c12,1356
0x31752f903e24b7cb:0x43891da637998cc9,413
0x31756ff455c7af81:0xd5acab5b903c9a22,140
0x31756f8d03a156c5:0x1efaecbeba8ba074,143
0x3175d5f22050a4ab:0x6303427d208142ee,42
0x3175b85d9c831b75:0x8ebd9d887196616,19
0x3175b857225fc627:0x3adf631f64a23384,38
0x3175c92ab31a221f:0x3b1c98c77af2c66d,1143
0x317433a697f6fcff:0x12576f7260e32f56,12
0x3176911ada59e431:0x6206f7ac0839a62d,217
0x3176ebb7ed8b8eef:0x451ef28849d8d05b,45
0x3176bfd7a7e187c5:0x74baf9d9bc864258,67
0x3176c3c420e62cf3:0xc851824fd732c68,33
0x3176c3d20c515f0d:0xdc01f3d0c155fb15,28
0x3176df005246e0a7:0x12949f99782dd6d3,40
0x3176d96fbceb21b5:0x96e7b8320b266cf1,1035
0x3175bdce196e48cb:0xcaaa5ee6cd2a82de,28
0x310ad47815b1db31:0x6989bc07c0199bd2,10
0x310ad414ea72be73:0xe36c661cc4c961f7,84
0x310ad4391fdedd7d:0xe481a280cf3265f2,93
0x310b29b85587cee7:0x1edcd347bdfe6cc9,28
0x310b298dca73be8b:0x7e28d879eddfc373,13
0x310b2b47c9edc795:0x1735b56809fd7f8a,11
0x310ad56043b5dedb:0x3c930187320d8dbf,69
0x310ad5821675c8c9:0x53dcb1f22cd4693b,102
0x310b29df76153edf:0x7c6e2d6e5f342b74,36
0x310b29227caad787:0xb3075bfa1ec217ca,16
0x310b29151d736deb:0x62b4ce45cbb6f83f,13
0x310b288ea560fc89:0x11d45969aa5b3615,68
0x310b29c01fe0f4d3:0x8cc6082a59cfdb3d,25
0x310b29edc6853b99:0xbbef9a2cdbdb0e9c,11
0x8760bd88dace2809:0x4db598eb97096468,325
0x876c78d1054fe25b:0x4a880ef062d2143d,2434
0x87694a8ac4276e49:0x44e5d615a5090984,1179
0x87694b57b0af2f73:0xadcfbd9d16b83b35,273
0x87694bfef0d60dc1:0x8d82b7be55013815,181
0x87694af5365bc1e5:0xb4223995c7529eec,546
0x87694af512dd2059:0xe651aa6521760ee6,2550
0x876c91e8c6d9c501:0x4e323e44f5249d29,487
0x4cd2addb2b3bd5b7:0xa4d8d1aa8c5a65a7,1002
0x4cd2aba9c53c801b:0x7370f00f9eeafbb,93
0x4cd2ab0d9e937931:0x96c670fcdb1cb351,788
0x4cd2ab8b0b6b2a71:0x62dbfa05fd3032ff,478
0x4cd2aaffe352c82d:0xd81b1bf5a7af9c46,434
0x4cd2ab67435a4d85:0x337f399f99690a71,350
0x4cd2ab50c2a92ded:0xfa17a40dbf66d213,337
0x4cd28505ba12e21d:0x6f6526595047073a,113
0x4cd28598ff9b0f01:0x7811dd3f36b3018e,593
0x4cd2f691102e7fc7:0x2158d45a989fba43,510
0x4cd2ad45666600af:0xe0f4a0aa53f89695,208
0x4cd2ad7b66987293:0x55e7619714d9e7b9,12
0x4cd2aba53ec82409:0xbb086361d208a277,1816
0x4ccd45627c9bcd0b:0x27454b2da4be7f3b,345
0x4cd2c9723d80fb83:0xb34de5a33b84a78c,61
0x4ccd451440ba320b:0x5f734d6c8abebf9d,773
0x4ccd45d68c50fe23:0x2ffcbf4cf20cc000,101
0x4cd2aaffeab0557d:0xfe75c438f429061c,839
0x4cd2ade2e6784889:0xbc5c3054d961cf86,296
0x4cd2ab5030f0bd19:0xee213379dec8f1f4,453
0x4cd2ab12dc185a77:0x34925ab75dfa91cc,345
0x89d7e349e60fa863:0x89e97a2f36775ce0,127
0x89d7e11d139cfecf:0x39daf0e578d07dd8,188
0x89d7d89c4dbc2fc5:0x76c02ebdf89153aa,276
0x89d7d7006d8a2ea5:0x6fcb8c6e4e45dba5,33
0x4ccd6777063b53f3:0xf197a253e363db99,25
0x4cd2a904bde00daf:0xe793da004712c27a,297
0x4cd2abe6a06bc279:0x7ae8d7ce049b59c,1336
0x4cd2abe7b5848285:0x5409cc4cd62622f5,3336
0x4cd2acf0954aeaa7:0x229e985ade77e4bb,966
0x4cd2ad76ab3d67cb:0xb78dcb4c85d61fdf,220
0x4cd2b947e24927fd:0x79c5acdc30764b96,18
0x4cd2b9a16af76165:0xd068e1ba35c27e8,83
0x4ccd673ce5e6204d:0x24a177fd1a68bcf5,391
0x4ccd677b26246fcf:0xc717802a555a18d0,25
0x4ccd577b92729fe1:0x798327ac7a566ca3,92
0x4ccd456d5dda8515:0xd9b237a0a7378858,28
0x89d7e3b0b64969bb:0xab363d1e7e92b2fa,165
0x4ccd548b172b6613:0x272e4aac822c14c0,385
0x4ccd411516540361:0x495a2efa228a8a6e,944
0x4cd2dbf5fb1fd695:0x13ca5d721902c5e,345
0x4cd31d6e4720b167:0xb89c08712a8f8e8,405
0x4cd2abc151df98ef:0x8041b6724fdbe50b,18
0x4cd2a6afffffffff:0xb34142c70aaef4f8,301
0x4cd2f6913bbb55db:0xb11b4afe4660f665,273
0x4ccd65b12fd78a31:0x364e55e3d501b936,91
0x89d7e10ce2a6ebad:0x2b7c6f73b744eb98,296
0x4ccd4516b6baeaaf:0xde4f40a6706bb5b3,1119
0x4ccd451288923049:0xa8e396a79e7e8415,925
0x4ccd47263b00c1d7:0xb566cecd23da1f40,221
0x89d7e10f5e95a4f1:0x67551957b089dbb4,185
0x89d6b30032ed4b5b:0xd5bd2cd4e28555ec,165
0x4cd285836dfb7533:0xfaa8a54966a9db67,115
0x4ccd57001119e0e7:0xece46e4a8bdd330e,12
0x4cd2ad4db55b3675:0xa74f207e960d6f40,112
0x4cd2a949b69a623f:0xe936a1409d434c5b,444
0x4cd2aa6c8b75f8e5:0xc7e86e278059478f,44
0x4cd2ad004e61a737:0x3a532a59d21a6e42,207
0x4cd2ab075b9229b7:0xbaa136514a519d82,517
0x4cd2acfa0b5387bd:0x87ec07dab6cc3cb1,248
0x4cd2ab97d09505e1:0xf1cdd1735d46fe8e,211
0x4056963ab24158dd:0x4bdff34241bd2812,538
0x487983001d43f1cb:0x7dee72349016163c,56
0x47d7c64b3b5139f1:0x36a72c70e6a60442,55
0x47d7c627979501ed:0xab18e52915632a05,18
0x47d7c6d9bccaf803:0xf2a7d386c1fad721,3968
0x47d7c64b1b4d8b13:0x630370bc186577aa,114
0x4879781f23cb216b:0x3ca9efc1ee61f74a,14
0x87903fdc511373e3:0x5041789dcf21a54e,168
0x87903f32e9ea5fd3:0x40cccd233a57af76,246
0x87903f81c1e8e149:0x7b6cf54928e27745,60
0x878e07673d466d79:0xe0c784efb8e68188,118
0x878dff960a7aa7b9:0xd9abd6e553f8a252,27
0x878dfda91d007f61:0x7f5604ac2da7ffe6,212
0x87938da0cd279bdd:0xb86e21e0165a4c4c,655
0x87bb21117da694f7:0x4a982521fc263902,132
0x87bafd427b58dbdf:0x6f7c2aa5f91ff707,866
0x87903fb415faaaab:0xeebd72ee8f2e105,425
0x879048dfdc6854d1:0x9c848bfb92a60d01,470
0x879ab0b934da67bd:0x8df303d722f30206,200
0x8791d3c534b8584b:0xd30f45a9cd3b1b87,492
0x8791d3b6a1eb0b4d:0xcc38a524bf5be5e5,158
0x8791d3dcef6f7feb:0xad4284c401927868,327
0x878567aa71901821:0xd7ac04ef2269617f,23
0x878571f9fc372479:0xc2ff972c7d6d041e,248
0x878f98ebfd755543:0x8ada048df79fea4c,247
0x878e17e4d4d1af31:0x828966fa585cbdee,73
0x878e05eae509fa43:0xc2ff6b012d0f6e36,101
0x878e05766771b3e5:0x3ade2047c132bf4e,121
0x879d56a17e66b6c3:0x9c59fa573359c37f,206
0x87900bb0ddfd8d37:0x4771afb9790d4741,32
0x879015a9e73e3533:0x61c48488a280acbc,206
0x879067e67cd3e827:0x6d75bc2a873a74a1,94
0x87903f966adb92ed:0xc01f3765a466b7e4,159
0x87903f97e75f9d43:0xa6492404f171b3c8,131
0x87903fb5b53a236d:0xf52f392d69019da6,116
0x87903fb3c973c44f:0x7a3842638720e15b,219
0x87903e484d7af21b:0xf2094b86ea5d25bf,216
0x879078a5974dd8a1:0x6ed2246f960f90e3,42
0x8790e8ba5808d1ad:0x329406036e3effed,133
0x87926889978ecb8b:0xcbb2d9ec06d173d4,146
0x8793f300c120e59f:0xfee25c2d10a80eaa,124
0x8793f3d626f72385:0x295e277a95ec28d,85
0x87938fadd00a5db3:0x451501c3f5a0fb24,1110
0x87938faf66372967:0x68e8e9c2108e78ca,551
0x878310ca09aba455:0x91017be3506b7985,202
0x87900b13a152c0f7:0x68d224a4616b78c4,18
0x87906742efe2e79d:0xfb1f5a3d3799244b,12
0x87903f2d855cdfeb:0x79be73d107ec7623,79
0x87903fb3ed63e0d1:0xd025381ed35b1d29,277
0x879078a59729afff:0x58df358add409,118
0x8790494311d185ab:0xb7a9b8f0eac48b92,45
0x879abe569d9a8633:0xc9f353a991a005d9,140
0x879ab1a312723bef:0x7cfbc917f1a5c4ca,85
0x87909c459c503a75:0xbf566de44c90d291,52
0x8790ec718a2c7381:0x7571a86d7dda213d,70
0x8791d367f300017b:0xfd097ebc29db912c,97
0x8790ebe641ba3663:0x3494a8852d86ebb9,525
0x879198febf400bfd:0xb98b4aef61520392,103
0x879186c18248548b:0x195c835ee9e596a0,114
0x878458582ab08f79:0x9be0b940aff0136f,212
0x879d576b09bd03c7:0x8c17081326964784,81
0x87903fd8f53a030d:0xd740ac7623b814b4,1028
0x87903fe260c5cd63:0xd7c51588c285900d,858
0x87903fc3596aace5:0xb0104bf832106775,611
0x878fbea587de2d0f:0x83e8f59205a0e792,94
0x878571ef04024bc7:0x895c8b8746286e87,233
0x878f98c8dc511aa5:0x66dd41d4f52fc68e,550
0x878f98a64425a94b:0x7a72840c299836c5,432
0x87903f93f7bf8e79:0x91055b86628f9ebc,15
0x4cb07b5d22f20d3f:0x4221229b4bbbbe78,125
0x4cb07b187ecc264d:0xe3db7006a1701a09,1111
0x4cb1d767b26396b7:0x104d39dffafcac59,102
0x4cae293315ae1d99:0x6e496a8167480804,68
0x4cbab3661971045d:0x9138c45ff6382625,125
0x4cbab35631e56837:0x7b6d9fac5d295bca,39
0x4ca54ea7a31a78ad:0x4fcfe3d9101e4b7a,61
0x4ca54f954d2803ed:0x72d41cefd69a2b14,85
0x4caebf7c1a90a0f9:0x92af9849f52ea2e6,472
0x4caebf289c466977:0x7073a87a7534a417,44
0x4cbc51cd71c274a5:0x5ed6861faa51c6d6,23
0x4cba0123bfe37131:0x9f315eb51fd5f9a,267
0x4cb022e972a67eaf:0x2637e2e07b53594b,816
0x4cb02f004afeacb3:0x9662b802900028ea,14
0x4cb02ec9466b6b2d:0x3f5dd8112906dd22,376
0x4cae297c4b6da1bf:0x2c8631bfad82faee,1476
0x4cbab47deb380ec7:0x19c54d3214d0325c,469
0x4ca54d003d7f16bd:0x5f3a5d3e4abdf238,99
0x4ca54f7a08751443:0x55d11196aca27c5a,329
0x4caee9ddae9155af:0x23d6904c225985dd,96
0x4cafb4963b3fc273:0x9afc4ee2d5ea6946,3449
0x4cb07b5847fc0e8d:0x21c7753232efcc20,64
0x4cb07b27fba7eda9:0x37d1b9a08f5427c7,10
0x4cb02354163b7f67:0xe40785921cb164d3,130
0x4cbab3642ea05e3b:0x1ec894b46b11a86e,441
0x4cae4963ea6ec351:0xf908f474ec9a9d9,439
0x4cadf5779b77e787:0x432531a2070c085,103
0x89e4c1337a733d49:0x7bfeb40e5ac2f62d,210
0x89e4c40031d1b58b:0x32e62a1d2919b032,507
0x4cb1c6b7789b302d:0x6a2672c0b377d552,36
0x4cae4b5b90ecf42b:0x99e1651cb6f5f30e,282
0x4cb3db428c5f33eb:0x97d549c27958f55f,24
0x4cae4b452600db6b:0xd0548a253aa437ea,814
0x4cae4c930222a26b:0x99c3c01388a83c1,530
0x4cb203796fdddce5:0x52ba208794da18bf,347
0x4cb29c3e3a303cb3:0x50c14ddb6c5cdadd,644
0x4cb29db5e1ab78e9:0x5a7f8e6bb0232cff,275
0x314a6d997c0c097d:0x12731f6e35797df6,387
0x314a71cac9c17a39:0xa5c2becd8b2d2fe5,70
0x314a7b401d6d10df:0x20c8cc5fe747d8e0,93
0x314a7b287556a7ad:0x9642931010e6bf37,470
0x314a7bd6499f99f9:0x5e612007b3129842,57
0x3135a9bce8a46fdf:0xa38bfb79a0059838,22
0x3135a9c06326ed61:0xd5b566fe95a88a87,87
0x3135a967a3f1ab09:0x84c0946d32a79037,26
0x3135a91a7a0622d3:0xd219fbe99f9b9933,88
0x3135a928e3010acd:0xb4117e05c9afca0f,132
0x3135ab60c2d52de5:0x91201e05d17a9bfa,719
0x3135ab22da9ec48d:0x8c6411cf507e6c76,3335
0x3135ab34b7240fab:0xf23e49221b90ced4,1718
0x3135ab4ceeff3cbb:0xca4f0cd2de5c07dc,1007
0x3135ab0245bf4613:0x8eab9cb5ddc4c25b,569
0x314a71f951575e67:0xe6e15a2990d697f9,63
0x314a7b1d80afa4f5:0x3576fef550d652c,94
0x3135ab002b8a606d:0x6ae53389cadaaf28,73
0x3135ab88222a3a81:0x669ad8f1feddbe8f,1090
0x3135ab37b6ca9c53:0x2e6cfa1a1b4be74e,68
0x3135bdd1fd341f95:0x34c17afcdfe4b1a2,6925
0x3135abc735a57555:0x37cad93402940609,576
0x3135abbf8e32c655:0xae5e3f658bab8047,165
0x3135ab959bed1aa3:0x42c9fc530f0f04,2276
0x3135ab95db092549:0x2590312fbaa40b45,1382
0x3135aba76030b5a1:0x1965f1dc1cc4952b,12
0x3135ab1e7c04c2b5:0x3ec872052167de3d,223
0x3135ab2c7beb29ad:0xa0c930717b21b67a,21384
0x3135ab9896cb9915:0x2b571e94ec72c6d5,901
0x3135ab51b535a479:0x46b41167035bf366,417
0x3135ab0035810bdb:0x7814f6f95103436f,54
0x3135ab235968009b:0xf917dc8ff4aff07e,1033
0x3135ab006f2e2af7:0x6ee06e5f2434b9d7,526
0x3135ab005bda60f9:0xe2b686cd7d6db34,56
0x313453b58f66f41b:0x816d86bb87fac947,404
0x314a71023e66ca73:0x70c60427f68f268e,189
0x314a717117558075:0xcf5b3da38a58e000,4600
0x314a7b8d2ad4538f:0x6e9fe954a910889a,1143
0x314a7b3376b12133:0x23dac09313fff68,862
0x3135a90036be6c31:0xccb667b23564a1ed,40
0x3135a98a0a917589:0xb1907014c8b181c2,48
0x3135a9ac6ed7034f:0xfc552f767d0e8071,490
0x3135a9cd62de4b49:0x7236b901ebce480c,438
0x3135a96ab447e0ab:0x9951c3f7f24e8586,48
0x3135a96af469b98f:0xa0199b661b4885cf,1826
0x3135ad9c636e1a0f:0x62b8e79688eb9d10,364
0x3135abeb5042e3b1:0xebe111cd07a0bb1a,4213
0x3135ab00089122ab:0x6b63ce18a8608116,206
0x3135abba0cda81cb:0x3c3e1e4d409a690f,2229
0x3135ab9564e13533:0x3ae279f69fbac4c2,2958
0x3135a9ca87d70033:0x357dac1b2fee668f,780
0x3135a976cead5829:0xb322689139e97db6,10214
0x3135a9ab643827d5:0xe432b256c2343cea,494
0x3135a9006cfec15f:0xc3ff5d8ea41f0d65,329
0x3135a998c86d1b01:0xdaa00ed7c101d665,17
0x3135a9a43e19de6d:0x69dddf267f030410,17
0x3135ab72f83894e1:0x4737dc743d51a9d4,19918
0x3135ab7ed427e8b1:0x6e530c5ecb708f0e,873
0x3135ab2a2c7f46a1:0xa6d2101b03faca17,1272
0x3135ab584e0a7f83:0xe7dd32745c4f7dbe,4261
0x3135ab42e7158429:0x9be37cd1dfd9f42a,5472
0x3135ab4d441d089d:0xb274452cddc29dbb,550
0x3135a99a7f50b35b:0x71ddf0a255f844af,264
0x3135a9006d8d25b5:0xd080c0adde12be97,54
0x3135a91a4d7e1bd1:0xf021c7059169f24e,12
0x3135a9419d294d2b:0xbd979c87235bfd02,118
0x3135ab782b70ca5d:0xbd8c1a22014d960f,35
0x3135a904b3483265:0x5e17c63902b939b5,13
0x3135a968966ef579:0x81cfd48c1e61a93e,26
0x3135add0358252b3:0xa787cb130d2da147,59
0x3135aba30b92e267:0x45981ed6ed887789,32
0x3135abebe945cde3:0x26a02d370136e982,34
0x3135ab0cca355f9f:0x927a6e8145a34c17,274
0x3135abe41b85e061:0xa5be63d340d0053f,92
0x3135ab730b3a615f:0xbe67c9dc3c615e9d,57
0x3135a99a32dbe27b:0x8e62f32a66b65d22,12
0x3135adef79fadddd:0xab090989c102a9c7,138
0x3135abb0c8bd0c97:0x937267c9fe202fc7,64
0x3135abc2085a5d0b:0x2828505a07edc104,197
0x3135abe5267cb769:0x91642bb8eda52fac,1696
0x3135abffa3dcb8eb:0xdb72be6087fba1e,430
0x3135ab550551a367:0xfa0e4fc2afa57af1,410
0x3135ab86dc6e4265:0x4572eadd42f6c644,365
0x3135ab01b3cfd597:0xb816c9d2425a22bb,886
0x3135ab332822ee75:0x8cb9f2e1a400374b,166
0x3135ab7a4c07c70d:0xfabf239471535cb5,5963
0x3135ab0241211991:0x52ecfd8709131b64,249
0x3135ab7950077f79:0xc1ff842760d97e1e,2331
0x3135ab4b97d7412b:0x2a2404f3acda039,1736
0x3135ab11af76bf79:0xfba1419ffe4751f6,693
0x3135ab04e462394f:0x10c56f1c40596603,2362
0x3135ab9ec84fe525:0x18ed3866dee63211,3057
0x3135ab3c3679927f:0x13d415ba094fac6,186
0x314a7af46e23b945:0x56fcb9def941c3c0,381
0x314a7bca9ec2b3e3:0xc1898f92c8ab063f,21
0x314a7b5c0a8f8449:0x6052c2b7128bdf7f,97
0x314a7b4ce03ce28d:0x2d5fbb6a932cfb6c,35
0x314a7bd996bf0669:0xe8978064596cf071,34
0x314a7b08cd471a75:0x88f1b509bd97007e,321
0x3135ab212179c65b:0x11ae1e2cb2aea3dd,274
0x3135ab86d8b030b3:0xb3aa63de34b71d51,335
0x3135abba3261706d:0x2e6d0373d44ba1ec,301
0x3135abed76a05d47:0xbe91b21a3dc2ab18,65
0x3135ab6bb7e5b86f:0xf93962f72ba711f6,963
0x3135ab75ebf7a637:0xc767e5eafc5ff27f,2411
0x3135ab685262fa43:0x938b52a35e5b8723,792
0x3135abb90ae7d3ab:0xdb563b80b27a3545,580
0x3135ab40950bf8f9:0xd380a1fb642484a0,1215
0x3135ab004b0cb337:0x3ceeb9026aae1194,265
0x3136f943a5d2087f:0xff6abaadc9cb2efe,2205
0x3135ab15474b15df:0x45558b5af1d82f7b,2739
0x3135abf5df8f7f63:0x4809f04826a82014,245
0x3135a9742209a479:0xa5d6494c3397d647,14
0x3135ab89575a75c9:0xde1368776d71348a,16
0x3135a9a2016ef787:0x7c058bd7368145cb,1624
0x3135abc0a3264607:0x43ad564fc6b3e2e9,1151
0x3135ab007fca17c7:0xd79b991b9cf374ee,937
0x31367b456322a9c9:0x6412a000372f73f8,323
0x31367bef5b896e67:0x5dbed73ace0f8a31,20
0x31367b395ec5d855:0x51c0c56b482fb636,446
0x3135aba3013aeb95:0xfb7a7cb8e2638aa2,483
0x3135abe657402579:0xef72dca3ef01d88f,736
0x3135ab36d1ea5b0f:0xf91af0a55dd6bf53,301
0x3135abeaa05b3aff:0x5b0d2da716455e1e,1079
0x3135a96d6cbf6cab:0x8ec8ba4e2ffc9325,1047
0x3135aba30b27edb7:0xeaf377682fb63606,41
0x3135abcad69e49ef:0x967c59291fb1423b,588
0x3135ab3d56e72d0f:0xda7783c8c1783743,443
0x3135abb07379ba3d:0x1be9c7709f748240,1279
0x3135ad984dfecd1b:0x60211d5469da982c,814
0x3135abfc59291617:0x8374facc4042ef44,32
0x3135ab0817f2d92b:0x528933958198afbb,203
0x31367be5cdd6df7d:0x5d060c7c3fd58a23,111
0x3135abdd72aa3425:0x7c7632c7e09adb85,17
0x3135abf950869133:0xe458b42863b8402a,28
0x313663e0b3644779:0x34f635deeb4fd9c5,57
0x31366384e3a0cb57:0xc74177ddbc17b4ce,10
0x313663a19fd2c0d7:0xad4d75b853c30868,155
0x313663a3ce0c0059:0xbb23803e87ba96f8,29
0x313663a235690fff:0x2826412cb92f1341,136
0x313663a24b556287:0xfb6998df826aa70a,84
0x313663a256250763:0x78725426d90f2fe4,136
0x313663a01fa23d8b:0xa443fa30871ded56,197
0x313663c99959ab53:0x6cc3c393f6502974,108
0x31366363257eb5df:0xb73123d56f9c3bc6,851
0x3135ab3c70da6adf:0xc0a0586dbc7c745b,417
0x3135ab0054010f03:0x5812ced05feacf46,243
0x3135ab7502e95ac3:0x7eb7c8ff1bd41be3,153
0x31367b9e8a0baa63:0x6452b07be8fd2375,41
0x31367bd20a1f602b:0xeb6b6709931b1464,345
0x313679c782cc913d:0xcd64177d03826ff3,88
0x313679000b0e02a3:0x197e6d689b97969d,20
0x313679c05d3b3b4b:0xef5eae1efda0bfb6,116
0x313679be8b54c1d3:0x21d8dbd3877030a0,541
0x31366357d0cc9fd9:0x2e12b05d4cd7d950,445
0x313663755a756099:0x22fd8df932f83437,141
0x31366375594acbad:0xb627e964ac8dba83,272
0x31367fb727d6bf4b:0x814abc519f09f982,365
0x313663e6f0f074fd:0x1c278c576e55cdae,28
0x3135abb65d6ef4c3:0xc1d23e9a6b143373,84
0x3135ab94fa22f253:0x1ab2d7d244da0e67,1405
0x3135ab99a733f743:0x72967c7e5a658cd9,30
0x313566b525fbb093:0x44523a86d6d5d68d,16
0x313565001ce333c5:0x28a21de634ce6a01,15
0x313565d8000ae419:0x30c49b70ed8c0953,64
0x31356592844ee8a3:0xb73f9f7202f59c77,356
0x314a9fce1e4094d5:0xf60c222b21666d32,337
0x3135abada67fdd23:0xf5d5942ab50d4cd4,213
0x3135ab9b581f385f:0xb4016d2bf04c68b8,12
0x3135ab0dbb5abe93:0xdbf330ba748f9942,548
0x3135af0038d2b331:0x2dedbfab0e84d252,44
0x3135abebe8f071a3:0x1c5e96a99350e648,234
0x3135abbe7966c761:0x6711fd1dde7d4d2b,1337
0x3135ab00118eb6b9:0x1b303b069d174100,72
0x3135a91a1ada6b09:0xfeef4b82af47f928,417
0x3135abbe2eae50dd:0x453e96ce5d4678c1,357
